timestamp,n_hands,gesture_pred,gesture_name,palm_x,palm_y,smooth_x,smooth_y,raw_vector_len,model_activated
9873.9675,1,5,Move,0.22310095032056174,0.9456342955430349,1.0,0.0,63,False
9874.0219995,1,5,Move,0.2475729708870252,0.8462642729282379,0.615625,0.4,63,False
9874.0909803,1,5,Move,0.24624309440453848,0.7967686454455057,0.40156250000000004,0.6398148148148148,63,False
9874.1649068,1,5,Move,0.2630515694618225,0.7512669563293457,0.271875,0.7814814814814814,63,False
9874.2337548,1,5,Move,0.28936900198459625,0.6104740599791209,0.20520833333333333,0.8361111111111111,63,False
9874.3114272,1,5,Move,0.2920210709174474,0.5850571542978287,0.18281250000000004,0.775,63,False
9874.3691419,1,5,Move,0.29365944614013034,0.5628172506888708,0.1713541666666667,0.7212962962962963,63,False
9874.4188077,1,5,Move,0.3161223754286766,0.5047686845064163,0.16562500000000002,0.674074074074074,63,False
9874.4820731,1,5,Move,0.3222724497318268,0.4977642645438512,0.17708333333333337,0.6074074074074074,63,False
9874.5578469,1,5,Move,0.33033789694309235,0.4908256034056346,0.1880208333333333,0.562037037037037,63,False
9874.6263479,1,5,Move,0.33420539895693463,0.49102582534154254,0.19999999999999996,0.5305555555555556,63,False
9874.6801287,1,5,Move,0.35091454287370044,0.49880972504615784,0.20989583333333328,0.5120370370370371,63,False
9874.7543194,1,5,Move,0.3514864395062129,0.5011473844448725,0.2265625,0.5055555555555555,63,False
9874.8350898,1,5,Move,0.35270439088344574,0.5028991748889288,0.23697916666666663,0.5037037037037037,63,False
9874.9153939,1,5,Move,0.3637318362792333,0.5059753954410553,0.24427083333333333,0.5037037037037037,63,False
9874.9976024,1,5,Move,0.3663599044084549,0.5035460988680521,0.2557291666666667,0.5055555555555555,63,False
9875.0660936,1,5,Move,0.3701915939648946,0.5034571389357249,0.2645833333333333,0.5055555555555555,63,False
9875.1325333,1,5,Move,0.37037671109040576,0.5058163950840632,0.2723958333333333,0.5055555555555555,63,False
9875.1975773,1,5,Move,0.3571927895148595,0.5068410436312357,0.27760416666666665,0.5064814814814815,63,False
9875.2523877,1,5,Move,0.3518688331047694,0.5082838435967764,0.271875,0.5083333333333333,63,False
9875.3248809,1,5,Move,0.353236918648084,0.5093586643536886,0.2645833333333333,0.5101851851851852,63,False
9875.4061951,1,5,Move,0.34746800859769184,0.5122587780157725,0.26145833333333335,0.5120370370370371,63,False
9875.4882484,1,5,Move,0.34208688139915466,0.5158478717009226,0.25520833333333337,0.5148148148148148,63,False
9875.5696919,1,5,Move,0.3429456303517024,0.514819805820783,0.24791666666666667,0.5185185185185185,63,False
9875.6510472,1,5,Move,0.3459155857563019,0.5094221283992132,0.24427083333333333,0.5203703703703704,63,False
9875.7314388,1,5,Move,0.35050656894842785,0.5080433338880539,0.24427083333333333,0.5175925925925926,63,False
9875.8002302,1,5,Move,0.35681916773319244,0.5042846699555715,0.24739583333333337,0.5157407407407407,63,False
9875.8596837,1,5,Move,0.35779381295045215,0.5045613596836726,0.25312500000000004,0.5120370370370371,63,False
9875.9271102,1,5,Move,0.3585086911916733,0.505579893787702,0.2572916666666667,0.5101851851851852,63,False
9875.9958196,1,5,Move,0.3568372279405594,0.5099757760763168,0.26041666666666663,0.5092592592592593,63,False
9876.0732605,1,5,Move,0.35608625908692676,0.5089781681696574,0.26093750000000004,0.5111111111111111,63,False
9876.1550838,1,5,Move,0.3561932295560837,0.5112795780102412,0.26093750000000004,0.5120370370370371,63,False
9876.2364428,1,5,Move,0.35595276951789856,0.5098586529493332,0.26093750000000004,0.5138888888888888,63,False
9876.3177117,1,5,Move,0.3566962232192357,0.5092475165923437,0.26093750000000004,0.5138888888888888,63,False
9876.3975567,1,5,Move,0.3573535680770874,0.5096777031819025,0.26145833333333335,0.5138888888888888,63,False
9876.4780866,1,5,Move,0.35437072813510895,0.508928378423055,0.26197916666666665,0.5138888888888888,63,False
9876.5600108,1,5,Move,0.3564988126357396,0.5087741067012151,0.26041666666666663,0.5138888888888888,63,False
9876.6409339,1,5,Move,0.3577306419610977,0.5103426426649094,0.26093750000000004,0.5138888888888888,63,False
9876.7108416,1,5,Move,0.3594047377506892,0.5052613019943237,0.26197916666666665,0.5148148148148148,63,False
9876.763595,1,5,Move,0.3620317627986272,0.50570015112559,0.2640625,0.5120370370370371,63,False
9876.8363214,1,5,Move,0.36382755140463513,0.5046120236317316,0.2666666666666667,0.5101851851851852,63,False
9876.8943449,1,5,Move,0.3639935851097107,0.5056252578894297,0.26979166666666665,0.5083333333333333,63,False
9876.9653299,1,5,Move,0.3638809621334076,0.5084205468495687,0.2713541666666667,0.5083333333333333,63,False
9877.0330228,1,5,Move,0.36351733406384784,0.507526566584905,0.2723958333333333,0.5101851851851852,63,False
9877.1131058,1,5,Move,0.35904597739378613,0.507960910598437,0.2729166666666667,0.5101851851851852,63,False
9877.1937216,1,5,Move,0.3584459722042084,0.5081696311632792,0.26979166666666665,0.5111111111111111,63,False
9877.2626766,1,5,Move,0.3573980877796809,0.5079584320386251,0.2677083333333333,0.5111111111111111,63,False
9877.3400511,1,5,Move,0.3558921267588933,0.5088640451431274,0.265625,0.5111111111111111,63,False
9877.422052,1,5,Move,0.35713650782903034,0.5104704846938452,0.2635416666666667,0.5120370370370371,63,False
9877.5027088,1,5,Move,0.3573119988044103,0.5078914562861124,0.26302083333333337,0.5138888888888888,63,False
9877.5848748,1,5,Move,0.35811228553454083,0.5094150851170222,0.26302083333333337,0.512962962962963,63,False
9877.6539625,1,5,Move,0.35614197452863056,0.5113936414321264,0.2635416666666667,0.512962962962963,63,False
9877.7076105,1,5,Move,0.3571711679299672,0.5079124718904495,0.26249999999999996,0.5148148148148148,63,False
9877.7696194,1,4,Grab,0.3591533849636714,0.5355495711167654,0.26249999999999996,0.5138888888888888,63,False
9877.8462881,1,4,Grab,0.3374762038389842,0.5123890389998754,0.2640625,0.5314814814814814,63,False
9877.9048393,1,0,Activate,0.32915577789147693,0.5175396303335825,0.2505208333333333,0.5268518518518519,63,False
9878.0483899,1,0,Activate,0.3077828933795293,0.5515575011571249,0.23697916666666663,0.5268518518518519,63,True
9878.1801026,1,0,Activate,0.31788363059361774,0.5608516534169515,0.21406250000000004,0.55,63,True
9878.3142127,1,0,Activate,0.31868340571721393,0.5713018576304117,0.20729166666666665,0.5703703703703704,63,True
9878.4480102,1,0,Activate,0.31841884056727093,0.5745950490236282,0.2036458333333333,0.5888888888888889,63,True
9878.5803702,1,0,Activate,0.3140311191479365,0.5660610248645147,0.20156249999999998,0.6027777777777777,63,True
9878.7138688,1,7,unknown,0.368791326880455,0.5420673936605453,0.19739583333333333,0.6046296296296296,63,True
9878.8471703,1,5,Move,0.3705658366282781,0.520701269308726,0.23124999999999996,0.5898148148148148,63,True
9878.9924685,1,5,Move,0.3696959714094798,0.5038562417030334,0.25260416666666663,0.5675925925925925,63,True
9879.1363253,1,5,Move,0.368546927968661,0.47942474981149036,0.2651041666666667,0.5425925925925926,63,True
9879.2656207,1,5,Move,0.3590953052043915,0.45960889259974164,0.271875,0.5111111111111111,63,True
9879.4089927,1,5,Move,0.34005168080329895,0.434217835466067,0.26979166666666665,0.47962962962962963,63,True
9879.5425059,1,5,Move,0.32329849402109784,0.41574222842852276,0.2557291666666667,0.44351851851851853,63,True
9879.6829143,1,5,Move,0.3171683872739474,0.39823204775651294,0.23593750000000002,0.40925925925925927,63,True
9879.813291,1,5,Move,0.32121361047029495,0.38810838758945465,0.21979166666666672,0.3768518518518518,63,True
9879.9573651,1,5,Move,0.33099598189194995,0.3907519181569417,0.21302083333333333,0.3509259259259259,63,True
9880.1007687,1,5,Move,0.33918435374895733,0.38299944003423053,0.21562499999999996,0.337037037037037,63,True
9880.2442565,1,5,Move,0.3441059986750285,0.3714557886123657,0.22239583333333335,0.32407407407407407,63,True
9880.3750588,1,5,Move,0.3543647527694702,0.37664560476938885,0.22968750000000004,0.30833333333333335,63,True
9880.5189942,1,5,Move,0.3622814863920212,0.39419538776079815,0.24114583333333328,0.30185185185185187,63,True
9880.6662737,1,5,Move,0.3642876942952474,0.3976601113875707,0.25312500000000004,0.3101851851851852,63,True
9880.8084264,1,5,Move,0.3630123237768809,0.41037916640440625,0.26145833333333335,0.3175925925925926,63,True
9880.9522617,1,5,Move,0.362377608815829,0.41747550666332245,0.265625,0.33055555555555555,63,True
9881.0812986,1,5,Move,0.37375253438949585,0.43761782844861347,0.2677083333333333,0.3425925925925926,63,True
9881.2171136,1,5,Move,0.37375253438949585,0.43761782844861347,0.27708333333333335,0.362962962962963,63,True
9881.3439174,1,5,Move,0.37375253438949585,0.43761782844861347,0.2822916666666667,0.37592592592592594,63,True
9881.4729305,1,5,Move,0.37375253438949585,0.43761782844861347,0.28541666666666665,0.38333333333333336,63,True
9881.6036594,1,5,Move,0.37375253438949585,0.43761782844861347,0.2875,0.38796296296296295,63,True
9881.7329168,1,5,Move,0.37375253438949585,0.43761782844861347,0.2885416666666667,0.3907407407407407,63,True
9881.8598091,1,5,Move,0.37375253438949585,0.43761782844861347,0.2895833333333333,0.3925925925925926,63,True
9882.2999831,1,3,Draw,0.4473764051993688,0.528351902961731,0.2901041666666667,0.39351851851851855,63,True
9882.5358038,1,3,Draw,0.4473764051993688,0.528351902961731,0.33906250000000004,0.4546296296296296,63,True
9882.7202695,1,3,Draw,0.44361413021882373,0.5386261244614919,0.36875,0.49166666666666664,63,True
9882.8812678,1,3,Draw,0.44220083951950073,0.5402244379123052,0.3838541666666667,0.5203703703703704,63,True
9883.0593247,1,3,Draw,0.4417350838581721,0.537123108903567,0.3921875,0.5388888888888889,63,True
9883.2385451,1,3,Draw,0.4432988365491231,0.5389707535505295,0.396875,0.5472222222222223,63,True
9883.3938577,1,3,Draw,0.4472286105155945,0.5376992672681808,0.4005208333333333,0.5537037037037037,63,True
9883.5630825,1,3,Draw,0.4545957992474238,0.5321945796410242,0.4057291666666667,0.5564814814814815,63,True
9883.7363082,1,3,Draw,0.4675079733133316,0.529685452580452,0.4135416666666667,0.5546296296296296,63,True
9883.8896713,1,3,Draw,0.4709041118621826,0.5312145253022512,0.42708333333333337,0.5518518518518518,63,True
9884.0501915,1,3,Draw,0.4832364320755005,0.5350181559721628,0.4369791666666667,0.5518518518518518,63,True
9884.2108773,1,3,Draw,0.48149000604947406,0.5403323372205099,0.4515625,0.5537037037037037,63,True
9884.3972764,1,3,Draw,0.48243700464566547,0.5377258062362671,0.4588541666666667,0.5583333333333333,63,True
9884.5727004,1,3,Draw,0.48808959623177844,0.5275454272826513,0.46406250000000004,0.5592592592592592,63,True
9884.7448665,1,3,Draw,0.4941038340330124,0.5208373914162318,0.4708333333333333,0.5537037037037037,63,True
9884.905837,1,3,Draw,0.49832477668921155,0.5150273938973745,0.47916666666666663,0.5453703703703704,63,True
9885.0569616,1,3,Draw,0.5033054302136103,0.5039436419804891,0.4864583333333333,0.5370370370370371,63,True
9885.2192166,1,3,Draw,0.506722703576088,0.4959343572457631,0.4942708333333333,0.524074074074074,63,True
9885.3584036,1,3,Draw,0.5117568174997965,0.4901159505049388,0.5015625,0.5111111111111111,63,True
9885.5021171,1,3,Draw,0.5190925002098083,0.49102309346199036,0.5088541666666666,0.5,63,True
9885.6480171,1,3,Draw,0.5291011035442352,0.49213190376758575,0.5182291666666667,0.4935185185185185,63,True
9885.7940591,1,3,Draw,0.5323280493418375,0.48835495114326477,0.5307291666666667,0.4898148148148148,63,True
9885.9623831,1,3,Draw,0.542120044430097,0.4941728462775548,0.5401041666666666,0.4861111111111111,63,True
9886.1499093,1,3,Draw,0.5465640624364217,0.49520523846149445,0.5526041666666667,0.48703703703703705,63,True
9886.3211217,1,3,Draw,0.5511523932218552,0.49866868058840436,0.5630208333333333,0.4888888888888889,63,True
9886.5031773,1,3,Draw,0.5613579452037811,0.496141458551089,0.5723958333333333,0.49166666666666664,63,True
9886.6479631,1,3,Draw,0.5680211881796519,0.49468376239140827,0.5848958333333334,0.49166666666666664,63,True
9886.7982081,1,3,Draw,0.5733052790164948,0.4952605317036311,0.5963541666666667,0.49074074074074076,63,True
9886.9400618,1,3,Draw,0.5781790465116501,0.49340924123922986,0.6067708333333333,0.49074074074074076,63,True
9887.1041199,1,3,Draw,0.594839741786321,0.4942033539215724,0.6166666666666667,0.4898148148148148,63,True
9887.26216,1,3,Draw,0.5964453816413879,0.49336924652258557,0.6333333333333333,0.4898148148148148,63,True
9887.4055782,1,3,Draw,0.6040832300980886,0.4934860169887543,0.6447916666666667,0.4888888888888889,63,True
9887.5564826,1,3,Draw,0.6220427254835764,0.49150364100933075,0.6567708333333333,0.4888888888888889,63,True
9887.7190711,1,3,Draw,0.6421056687831879,0.48925040165583294,0.6755208333333333,0.48703703703703705,63,True
9887.8629993,1,3,Draw,0.652023067077001,0.4880107988913854,0.7005208333333333,0.4842592592592593,63,True
9888.003869,1,3,Draw,0.6536315480868021,0.475448876619339,0.721875,0.4824074074074074,63,True
9888.1664136,1,3,Draw,0.6532405614852905,0.45634371042251587,0.7359375,0.4722222222222222,63,True
9888.3261216,1,3,Draw,0.6432273586591085,0.4467842032512029,0.7442708333333333,0.4537037037037037,63,True
9888.4871944,1,3,Draw,0.6320509314537048,0.434795801838239,0.7421875,0.4361111111111111,63,True
9888.6461991,1,3,Draw,0.6134819289048513,0.4275195548931758,0.7338541666666667,0.41759259259259257,63,True
9888.7942016,1,3,Draw,0.598987877368927,0.43575552602608997,0.7161458333333333,0.40185185185185185,63,True
9888.9470387,1,3,Draw,0.5849992434183756,0.4459146410226822,0.6958333333333333,0.39814814814814814,63,True
9889.0945131,1,3,Draw,0.573211724559466,0.45111509164174396,0.6744791666666667,0.40185185185185185,63,True
9889.2390743,1,3,Draw,0.5460769832134247,0.46115274727344513,0.6536458333333333,0.4083333333333333,63,True
9889.4025442,1,3,Draw,0.5378985007603964,0.4624357223510742,0.6234375,0.4185185185185185,63,True
9889.5449754,1,3,Draw,0.5222122470537821,0.46521031856536865,0.5994791666666667,0.42592592592592593,63,True
9889.6874711,1,3,Draw,0.5097231864929199,0.4678204158941905,0.575,0.43148148148148147,63,True
9889.850943,1,3,Draw,0.4975154399871826,0.463495413462321,0.5520833333333333,0.43703703703703706,63,True
9889.9955269,1,3,Draw,0.4906146128972371,0.4682457596063614,0.5302083333333334,0.43703703703703706,63,True
9890.1381535,1,3,Draw,0.4793224334716797,0.4704611152410507,0.5119791666666667,0.44074074074074077,63,True
9890.2967673,1,3,Draw,0.4554819067319234,0.4762311925490697,0.49375,0.4444444444444444,63,True
9890.4404908,1,3,Draw,0.4440406411886215,0.4827868640422821,0.4666666666666667,0.45,63,True
9890.5991581,1,3,Draw,0.4326641410589218,0.4822971473137538,0.44270833333333337,0.4583333333333333,63,True
9890.7457261,1,3,Draw,0.4205198536316554,0.4740451027949651,0.4208333333333333,0.46296296296296297,63,True
9890.8805492,1,3,Draw,0.4205198536316554,0.4740451027949651,0.4,0.4601851851851852,63,True
9891.034542,1,3,Draw,0.42198437452316284,0.4680217504501343,0.38749999999999996,0.4583333333333333,63,True
9891.1789,1,3,Draw,0.41307298342386883,0.46215449770291644,0.3807291666666667,0.4527777777777778,63,True
9891.3274235,1,5,Move,0.41136030852794647,0.45495040714740753,0.37083333333333335,0.44537037037037036,63,True
9891.5686123,1,5,Move,0.3884964734315872,0.4632897675037384,0.36354166666666665,0.4361111111111111,63,True
9891.7074925,1,5,Move,0.35689983268578845,0.4469079424937566,0.3442708333333333,0.4361111111111111,63,True
9891.8371671,1,5,Move,0.32570017874240875,0.4224453369776408,0.3114583333333333,0.42592592592592593,63,True
9891.9660605,1,5,Move,0.29663172115882236,0.4016556441783905,0.27083333333333337,0.40370370370370373,63,True
9892.1083746,1,5,Move,0.28217371304829914,0.3810668836037318,0.2270833333333333,0.37592592592592594,63,True
9892.2388499,1,5,Move,0.2795279646913211,0.3558364510536194,0.19114583333333335,0.3453703703703704,63,True
9892.3671907,1,5,Move,0.28559041271607083,0.33413681387901306,0.16822916666666665,0.3101851851851852,63,True
9892.5114373,1,5,Move,0.29649267345666885,0.3220682938893636,0.15833333333333333,0.275,63,True
9892.6575512,1,5,Move,0.30562659601370495,0.31436463197072345,0.15937500000000004,0.24537037037037038,63,True
9892.8000588,1,5,Move,0.31272123505671817,0.31055650611718494,0.16666666666666663,0.22314814814814815,63,True
9892.9306294,1,5,Move,0.3166740983724594,0.30424296110868454,0.17552083333333335,0.2074074074074074,63,True
9893.0609213,1,5,Move,0.31804030140240985,0.30304760734240216,0.18333333333333335,0.1935185185185185,63,True
9893.2044082,1,5,Move,0.3247893154621124,0.3047659322619438,0.18906250000000002,0.18425925925925926,63,True
9893.3348776,1,5,Move,0.33273660639921826,0.30151907354593277,0.19687500000000002,0.17962962962962964,63,True
9893.4790791,1,5,Move,0.34025295575459796,0.3042124758164088,0.20677083333333335,0.175,63,True
9893.6089888,1,5,Move,0.3426773150761922,0.3007234086592992,0.21770833333333328,0.17407407407407408,63,True
9893.7543792,1,5,Move,0.3462549199660619,0.29994891087214154,0.2260416666666667,0.1712962962962963,63,True
9893.8974887,1,5,Move,0.3484087387720744,0.2967175245285034,0.23333333333333328,0.1685185185185185,63,True
9894.0406337,1,1,Click,0.35436902940273285,0.29450567811727524,0.23906249999999996,0.1648148148148148,63,True
9894.2894965,1,1,Click,0.3436571458975474,0.300786351164182,0.24635416666666665,0.16111111111111112,63,True
9894.5384803,1,5,Move,0.34331610798835754,0.31511261065800983,0.24375000000000002,0.16296296296296298,63,True
9894.6724299,1,5,Move,0.34472382068634033,0.31905994564294815,0.2421875,0.17407407407407408,63,True
9894.8176512,1,5,Move,0.34376920759677887,0.31813864161570865,0.2421875,0.18333333333333332,63,True
9894.9627777,1,5,Move,0.34341101348400116,0.3206103593111038,0.2416666666666667,0.18796296296296297,63,True
9895.1052548,1,5,Move,0.3444895048936208,0.34771163761615753,0.24062499999999998,0.1925925925925926,63,True
9895.234621,1,5,Move,0.3638949543237686,0.38169091443220776,0.24114583333333328,0.21296296296296297,63,True
9895.3807173,1,5,Move,0.39939895768960315,0.41262824833393097,0.25416666666666665,0.24814814814814815,63,True
9895.5251186,1,5,Move,0.4253320296605428,0.42675357063611347,0.28593749999999996,0.2898148148148148,63,True
9895.6693953,1,5,Move,0.44322046140829724,0.42362360656261444,0.3223958333333333,0.325,63,True
9895.8129557,1,5,Move,0.46560614307721454,0.42813268303871155,0.35572916666666665,0.3435185185185185,63,True
9895.9424789,1,5,Move,0.47933637102444965,0.42489418884118396,0.390625,0.3574074074074074,63,True
9896.0720041,1,5,Move,0.4809321363766988,0.42587925493717194,0.4208333333333333,0.3638888888888889,63,True
9896.2160422,1,5,Move,0.49413397411505383,0.43797050416469574,0.44010416666666663,0.3685185185185185,63,True
9896.3493379,1,5,Move,0.4981873631477356,0.4470321387052536,0.4604166666666667,0.37962962962962965,63,True
9896.4919998,1,5,Move,0.5025765846172968,0.4535390039285024,0.4755208333333333,0.39166666666666666,63,True
9896.636002,1,5,Move,0.5064462969700495,0.4609905729691188,0.48750000000000004,0.40370370370370373,63,True
9896.7820709,1,5,Move,0.5061092873414358,0.46493203441301983,0.49687499999999996,0.41574074074074074,63,True
9896.9256393,1,5,Move,0.5138052552938461,0.4623098423083623,0.5026041666666667,0.425,63,True
9897.0681238,1,5,Move,0.5195229748884836,0.46472962697347003,0.5109375,0.42962962962962964,63,True
9897.2004035,1,5,Move,0.5222942680120468,0.4644721249739329,0.5197916666666667,0.43333333333333335,63,True
9897.3424778,1,5,Move,0.5261143247286478,0.4615435649951299,0.5270833333333333,0.4361111111111111,63,True
9897.4885173,1,5,Move,0.5318570633729299,0.46590088804562885,0.5338541666666667,0.4351851851851852,63,True
9897.6315262,1,5,Move,0.531565805276235,0.46611686050891876,0.5416666666666667,0.43796296296296294,63,True
9897.7766565,1,5,Move,0.531565805276235,0.46611686050891876,0.5463541666666667,0.4398148148148148,63,True
9897.9187048,1,7,unknown,0.5706840455532074,0.38656559586524963,0.5494791666666667,0.44074074074074077,63,True
9898.063657,1,4,Grab,0.5354198018709818,0.45704060792922974,0.5770833333333334,0.38796296296296295,63,True
9898.3333339,1,4,Grab,0.5138915727535883,0.45995452006657916,0.5703125,0.40370370370370373,63,True
9898.4845613,1,4,Grab,0.5080225865046183,0.46616015831629437,0.5515625,0.4148148148148148,63,True
9898.651845,1,4,Grab,0.5065833975871404,0.4709809571504593,0.5364583333333333,0.42592592592592593,63,True
9898.8120604,1,4,Grab,0.5076584815979004,0.4758768876393636,0.5265625,0.4351851851851852,63,True
9898.964236,1,4,Grab,0.509530266125997,0.4751698076725006,0.5213541666666667,0.4444444444444444,63,True
9899.1291391,1,4,Grab,0.5154197017351786,0.4794413894414902,0.5192708333333333,0.45,63,True
9899.2792811,1,5,Move,0.5470148821671804,0.3659258286158244,0.5223958333333334,0.45555555555555555,63,True
9899.5441306,1,5,Move,0.5099195192257563,0.4851962774991989,0.5453125,0.38333333333333336,63,True
9899.6905499,1,5,Move,0.5070049464702606,0.4877895663181941,0.5338541666666667,0.41944444444444445,63,True
9899.8318058,1,5,Move,0.5068360567092896,0.4925414174795151,0.5255208333333333,0.44351851851851853,63,True
9899.9600535,1,5,Move,0.506875604391098,0.5031440307696661,0.5203125,0.4601851851851852,63,True
9900.0896096,1,5,Move,0.5059324304262797,0.49377532800038654,0.5171875,0.4777777777777778,63,True
9900.2332386,1,5,Move,0.5105955203374227,0.4846931795279185,0.5145833333333334,0.48148148148148145,63,True
9900.362459,1,5,Move,0.513912116487821,0.48307716846466064,0.5161458333333333,0.4777777777777778,63,True
9900.4935378,1,5,Move,0.514503593246142,0.4764506419499715,0.5192708333333333,0.475,63,True
9900.6359199,1,5,Move,0.520520438750585,0.47570987542470294,0.5213541666666667,0.4685185185185185,63,True
9900.7643598,1,5,Move,0.5251911630233129,0.47331197559833527,0.5265625,0.4648148148148148,63,True
9900.8944172,1,5,Move,0.5246253510316213,0.4752277334531148,0.5328125,0.4601851851851852,63,True
9901.0373976,1,5,Move,0.5243435502052307,0.47112614909807843,0.5364583333333333,0.45925925925925926,63,True
9901.1831101,1,4,Grab,0.5258704821268717,0.47084778050581616,0.5385416666666667,0.45555555555555555,63,True
9901.4253391,1,4,Grab,0.5030357241630554,0.476042573650678,0.540625,0.4537037037037037,63,True
9901.5902484,1,4,Grab,0.49805709222952527,0.47471479574839276,0.5265625,0.45555555555555555,63,True
9901.7469032,1,4,Grab,0.4796975702047348,0.47201275328795117,0.5151041666666667,0.45555555555555555,63,True
9901.905316,1,4,Grab,0.4731496920188268,0.4673924744129181,0.49583333333333335,0.4537037037037037,63,True
9902.0714431,1,4,Grab,0.46576262017091113,0.4621301939090093,0.48020833333333335,0.45,63,True
9902.2047116,1,4,Grab,0.45843271911144257,0.45327258110046387,0.46562499999999996,0.4444444444444444,63,True
9902.333017,1,4,Grab,0.44587840636571247,0.43664296468098956,0.4520833333333333,0.4351851851851852,63,True
9902.464918,1,4,Grab,0.4424760689338048,0.433155025045077,0.4354166666666667,0.4185185185185185,63,True
9902.6065157,1,4,Grab,0.42316668232282,0.41329018771648407,0.4229166666666667,0.40555555555555556,63,True
9902.7528854,1,4,Grab,0.41617628931999207,0.40910514692465466,0.40312499999999996,0.3851851851851852,63,True
9902.8966244,1,4,Grab,0.4070635785659154,0.4016039123137792,0.38645833333333335,0.37037037037037035,63,True
9903.0398646,1,4,Grab,0.4004763861497243,0.39213092625141144,0.37031250000000004,0.35555555555555557,63,True
9903.1830343,1,4,Grab,0.39546320339043933,0.379402294754982,0.35624999999999996,0.34074074074074073,63,True
9903.3298379,1,4,Grab,0.3886479487021764,0.3751153250535329,0.3442708333333333,0.32314814814814813,63,True
9903.4702353,1,4,Grab,0.38016385833422345,0.3730986764033635,0.33281249999999996,0.3101851851851852,63,True
9903.6002785,1,4,Grab,0.37349789837996167,0.36957308153311413,0.3203125,0.30092592592592593,63,True
9903.7289941,1,4,Grab,0.3615604986747106,0.3599556138118108,0.30833333333333335,0.2935185185185185,63,True
9903.8720647,1,4,Grab,0.352960541844368,0.3589085539182027,0.29270833333333335,0.2824074074074074,63,True
9904.0170439,1,4,Grab,0.3447357465823491,0.3644163558880488,0.27812499999999996,0.275,63,True
9904.1622342,1,4,Grab,0.34520821770032245,0.3809708257516225,0.2635416666666667,0.2740740740740741,63,True
9904.3062292,1,4,Grab,0.3494725277026494,0.41223559776941937,0.25520833333333337,0.28425925925925927,63,True
9904.4497085,1,7,unknown,0.36225248376528424,0.42781862616539,0.25312500000000004,0.31203703703703706,63,True
9904.694172,1,5,Move,0.3627125968535741,0.4191624919573466,0.26041666666666663,0.3388888888888889,63,True
9904.8341816,1,5,Move,0.36513662834962207,0.42052409052848816,0.2651041666666667,0.3490740740740741,63,True
9904.9631657,1,5,Move,0.3816062957048416,0.42815886934598285,0.26927083333333335,0.35555555555555557,63,True
9905.0961489,1,5,Move,0.4018290787935257,0.43646132449309033,0.2828125,0.3648148148148148,63,True
9905.2389709,1,5,Move,0.41958748797575635,0.4410477976004283,0.3046875,0.37592592592592594,63,True
9905.3807363,1,5,Move,0.4394412438074748,0.4470773587624232,0.3296875,0.3851851851851852,63,True
9905.5115196,1,5,Move,0.45612384875615436,0.4572807451089223,0.3578125,0.39537037037037037,63,True
9905.65548,1,5,Move,0.46957409878571826,0.4613916277885437,0.38593750000000004,0.4083333333333333,63,True
9905.7994804,1,5,Move,0.4887501696745555,0.46009035408496857,0.41145833333333337,0.4185185185185185,63,True
9905.9442705,1,5,Move,0.5035914480686188,0.464058518409729,0.4395833333333333,0.42407407407407405,63,True
9906.0884443,1,5,Move,0.5129132916529974,0.4707546979188919,0.4666666666666667,0.42962962962962964,63,True
9906.2310622,1,5,Move,0.5195113321145376,0.475039745370547,0.48906249999999996,0.43796296296296294,63,True
9906.3606196,1,5,Move,0.5181553363800049,0.48179197311401367,0.5067708333333334,0.44537037037037036,63,True
9906.4916324,1,5,Move,0.5216777225335439,0.49469149112701416,0.5166666666666666,0.4546296296296296,63,True
9906.6368254,1,5,Move,0.5257197966178259,0.5275038679440817,0.525,0.4685185185185185,63,True
9906.7643194,1,5,Move,0.5206417292356491,0.5567776958147684,0.5322916666666666,0.49907407407407406,63,True
9906.8959536,1,5,Move,0.5206417292356491,0.5567776958147684,0.5333333333333333,0.5370370370370371,63,True
9907.039515,1,5,Move,0.5054765542348226,0.5919391711552938,0.534375,0.5592592592592592,63,True
9907.1805844,1,5,Move,0.49941552678744,0.6084345877170563,0.5244791666666666,0.5962962962962963,63,True
9907.3086617,1,5,Move,0.4971888264020284,0.62399689356486,0.5145833333333334,0.6296296296296297,63,True
9907.4539147,1,5,Move,0.49173115690549213,0.6339577337106069,0.5072916666666667,0.6601851851851852,63,True
9907.5964368,1,5,Move,0.49085480471452075,0.6365417937437693,0.4989583333333333,0.6851851851851852,63,True
9907.7277233,1,7,unknown,0.4946155349413554,0.6333632369836172,0.49375,0.7018518518518518,63,True
9907.8691894,1,5,Move,0.4965425779422124,0.6256101230780283,0.4927083333333333,0.7092592592592593,63,True
9907.9986098,1,5,Move,0.5000447432200114,0.6240997215112051,0.49375,0.7092592592592593,63,True
9908.128732,1,5,Move,0.502349391579628,0.6242729127407074,0.49687499999999996,0.7074074074074074,63,True
9908.2746388,1,4,Grab,0.4977090656757355,0.6197161575158437,0.5,0.7064814814814815,63,True
9908.5284648,1,4,Grab,0.4773312360048294,0.5998883048693339,0.4989583333333333,0.7027777777777777,63,True
9908.681841,1,4,Grab,0.4713922291994095,0.5898034075895945,0.484375,0.687962962962963,63,True
9908.8465161,1,4,Grab,0.466051310300827,0.5796192586421967,0.47187500000000004,0.6722222222222223,63,True
9908.9921244,1,4,Grab,0.44913844764232635,0.5571852773427963,0.4609375,0.6555555555555556,63,True
9909.152758,1,4,Grab,0.4362928767999013,0.5336385369300842,0.4432291666666667,0.6305555555555555,63,True
9909.307809,1,4,Grab,0.4202118863662084,0.5136023710171381,0.4239583333333333,0.6,63,True
9909.461107,1,4,Grab,0.42087102433045703,0.497192179163297,0.40156250000000004,0.5685185185185185,63,True
9909.5939863,1,4,Grab,0.4076606184244156,0.487560694416364,0.3885416666666667,0.5388888888888889,63,True
9909.7378176,1,4,Grab,0.407669797539711,0.48512553175290424,0.37187499999999996,0.5148148148148148,63,True
9909.8669364,1,4,Grab,0.4056066224972407,0.4768177767594655,0.36197916666666663,0.4981481481481482,63,True
9910.0106364,1,4,Grab,0.41337492565313977,0.4753866344690323,0.35468750000000004,0.48333333333333334,63,True
9910.1392473,1,4,Grab,0.4098769774039586,0.4767882078886032,0.35520833333333335,0.47314814814814815,63,True
9910.2684261,1,5,Move,0.4032252977291743,0.46599610646565753,0.353125,0.4675925925925926,63,True
9910.5030599,1,5,Move,0.40305062631766003,0.46709734201431274,0.34791666666666665,0.45740740740740743,63,True
9910.6414597,1,5,Move,0.39415112137794495,0.47538240750630695,0.3442708333333333,0.45185185185185184,63,True
9910.7697745,1,5,Move,0.3858352204163869,0.4804906100034714,0.3364583333333333,0.4537037037037037,63,True
9910.9011058,1,5,Move,0.3858352204163869,0.4804906100034714,0.3260416666666667,0.4583333333333333,63,True
9911.0460553,1,5,Move,0.36992691953976947,0.48960504432519275,0.3197916666666667,0.46111111111111114,63,True
9911.1887483,1,5,Move,0.3675397237141927,0.48889699081579846,0.3052083333333333,0.46944444444444444,63,True
9911.3369733,1,5,Move,0.36475274463494617,0.48671909670035046,0.2953125,0.4740740740740741,63,True
9911.4793804,1,5,Move,0.36495788892110187,0.4866352528333664,0.2875,0.475,63,True
9911.6260023,1,5,Move,0.3657876004775365,0.48751768966515857,0.2828125,0.475,63,True
9911.7689484,1,1,Click,0.3709600369135539,0.48187142610549927,0.2807291666666667,0.4759259259259259,63,True
9912.037736,1,1,Click,0.3708764761686325,0.4855184356371562,0.2828125,0.47314814814814815,63,True
9912.2876081,1,5,Move,0.390111302336057,0.49958615005016327,0.28385416666666663,0.47314814814814815,63,True
9912.4552051,1,5,Move,0.3992244303226471,0.502356618642807,0.2973958333333333,0.48333333333333334,63,True
9912.6002348,1,5,Move,0.40708238383134204,0.5136181364456812,0.3114583333333333,0.49074074074074076,63,True
9912.7371051,1,5,Move,0.41189201672871906,0.5400462398926417,0.32499999999999996,0.5027777777777778,63,True
9912.8810875,1,5,Move,0.4101499418417613,0.5442837675412496,0.3364583333333333,0.5277777777777778,63,True
9913.0277723,1,5,Move,0.4038028468688329,0.5560218542814255,0.3421875,0.5453703703703704,63,True
9913.1690463,1,5,Move,0.3901601533095042,0.5708283881346384,0.3416666666666667,0.5638888888888889,63,True
9913.2986115,1,5,Move,0.3858946810166041,0.5710896998643875,0.33229166666666665,0.5851851851851851,63,True
9913.4277881,1,5,Move,0.3727114647626877,0.5825553635756174,0.32343750000000004,0.5981481481481481,63,True
9913.5717442,1,5,Move,0.3720191568136215,0.5935833056767782,0.30937499999999996,0.6129629629629629,63,True
9913.7407535,1,5,Move,0.3841152985890706,0.5840433835983276,0.30052083333333335,0.6296296296296297,63,True
9913.8984201,1,5,Move,0.39989104370276135,0.5685432950655619,0.3036458333333333,0.6333333333333333,63,True
9914.0691003,1,5,Move,0.4071086396773656,0.5504135141770045,0.31562500000000004,0.625,63,True
9914.2271827,1,5,Move,0.4150781184434891,0.5356888721386591,0.3276041666666667,0.6083333333333333,63,True
9914.3826713,1,5,Move,0.4162396689256032,0.5189065883557001,0.34010416666666665,0.5879629629629629,63,True
9914.5298638,1,5,Move,0.4119117756684621,0.5016794900099436,0.34843749999999996,0.5648148148148148,63,True
9914.6659742,1,5,Move,0.40954536696275073,0.49645574390888214,0.3505208333333333,0.5398148148148149,63,True
9914.7958092,1,5,Move,0.4119866043329239,0.4889914095401764,0.3505208333333333,0.5212962962962963,63,True
9914.9391972,1,5,Move,0.41482438643773395,0.48896458745002747,0.3520833333333333,0.5046296296296297,63,True
9915.0700951,1,5,Move,0.4125795712073644,0.4889715313911438,0.35468750000000004,0.49537037037037035,63,True
9915.2130481,1,5,Move,0.4117220838864644,0.49003659188747406,0.35468750000000004,0.4898148148148148,63,True
9915.34237,1,5,Move,0.4123474458853404,0.4928114215532939,0.35416666666666663,0.48703703703703705,63,True
9915.4718639,1,1,Click,0.411579892039299,0.485911026597023,0.35416666666666663,0.48703703703703705,63,True
9915.7083694,1,5,Move,0.4113285342852275,0.4852903087933858,0.35416666666666663,0.4824074074074074,63,True
9915.8721669,1,5,Move,0.4128860781590144,0.4862203647692998,0.3536458333333333,0.4787037037037037,63,True
9916.0404378,1,5,Move,0.41010265549023944,0.4907960693041484,0.35468750000000004,0.4777777777777778,63,True
9916.1800479,1,5,Move,0.41038135687510174,0.49528006215890247,0.353125,0.47962962962962963,63,True
9916.326643,1,5,Move,0.4121333758036296,0.49681374927361804,0.3526041666666667,0.4842592592592593,63,True
9916.4908248,1,5,Move,0.4153336187203725,0.4968025286992391,0.353125,0.487962962962963,63,True
9916.649949,1,5,Move,0.4164838492870331,0.4981335202852885,0.35572916666666665,0.4898148148148148,63,True
9916.8020889,1,5,Move,0.41130263606707257,0.4930152048667272,0.3578125,0.49166666666666664,63,True
9916.9578403,1,5,Move,0.40991025666395825,0.48700952529907227,0.35572916666666665,0.4898148148148148,63,True
9917.1229119,1,5,Move,0.40593459208806354,0.4867957184712092,0.3536458333333333,0.4842592592592593,63,True
9917.2789077,1,5,Move,0.40526963770389557,0.4864143629868825,0.3494791666666667,0.48148148148148145,63,True
9917.4414129,1,1,Click,0.40750012298425037,0.4814149836699168,0.34687500000000004,0.47962962962962963,63,True
9917.6853256,1,5,Move,0.4061248501141866,0.48984967668851215,0.34687500000000004,0.475,63,True
9917.8263548,1,5,Move,0.40610381464163464,0.49023517469565075,0.3458333333333333,0.4777777777777778,63,True
9917.9696995,1,5,Move,0.4061216711997986,0.49010688563187915,0.3453125,0.47962962962962963,63,True
9918.0980067,1,5,Move,0.4065277775128682,0.49026280641555786,0.3447916666666667,0.48055555555555557,63,True
9918.2276755,1,5,Move,0.40532804032166797,0.4911048412322998,0.3447916666666667,0.48148148148148145,63,True
9918.3742681,1,5,Move,0.4054155945777893,0.49066531161467236,0.3442708333333333,0.4824074074074074,63,True
9918.5182664,1,5,Move,0.4061771333217621,0.49088601768016815,0.34375,0.4824074074074074,63,True
9918.6807277,1,5,Move,0.4068250060081482,0.4951558858156204,0.34375,0.4824074074074074,63,True
9918.8339801,1,5,Move,0.40616177022457123,0.5037605067094167,0.3442708333333333,0.4861111111111111,63,True
9918.9944802,1,5,Move,0.39943039417266846,0.524329200387001,0.3442708333333333,0.4935185185185185,63,True
9919.1476521,1,5,Move,0.3967772175868352,0.536369800567627,0.34010416666666665,0.5120370370370371,63,True
9919.2949708,1,5,Move,0.39658764998118085,0.5377618372440338,0.3354166666666667,0.5305555555555556,63,True
9919.4588843,1,1,Click,0.39358970522880554,0.5432339956363043,0.33281249999999996,0.5425925925925926,63,True
9919.7232533,1,1,Click,0.3927283138036728,0.540181890130043,0.3291666666666667,0.5537037037037037,63,True
9919.9680766,1,5,Move,0.3846016824245453,0.5321604957183202,0.3260416666666667,0.5583333333333333,63,True
9920.1382915,1,5,Move,0.37935305138429004,0.5170875936746597,0.31875,0.5555555555555556,63,True
9920.2835411,1,5,Move,0.3627765476703644,0.46620072424411774,0.3109375,0.5444444444444444,63,True
9920.4373437,1,5,Move,0.36138980587323505,0.45511701703071594,0.2953125,0.5037037037037037,63,True
9920.600508,1,5,Move,0.36230479677518207,0.4355546434720357,0.28489583333333335,0.4722222222222222,63,True
9920.7620263,1,5,Move,0.3651035726070404,0.42792875568072003,0.2796875,0.4398148148148148,63,True
9920.9223669,1,5,Move,0.3646334260702133,0.4268203427394231,0.27812499999999996,0.41574074074074074,63,True
9921.0666758,1,5,Move,0.362235426902771,0.41637923816839856,0.27708333333333335,0.4,63,True
9921.2391167,1,5,Move,0.363018661737442,0.41587334871292114,0.275,0.38333333333333336,63,True
9921.3975636,1,5,Move,0.3618331054846446,0.41492291788260144,0.2739583333333333,0.3731481481481482,63,True
9921.5491583,1,1,Click,0.36713660260041553,0.41275063157081604,0.2723958333333333,0.36666666666666664,63,True
9921.7989994,1,1,Click,0.36273055771986645,0.4130795399347941,0.275,0.3611111111111111,63,True
9922.0485352,1,1,Click,0.36253565549850464,0.4144273598988851,0.2739583333333333,0.35833333333333334,63,True
9922.2861024,1,1,Click,0.36236486832300824,0.41601184010505676,0.2729166666666667,0.3574074074074074,63,True
9922.52524,1,1,Click,0.3609696278969447,0.41889416178067523,0.2723958333333333,0.3574074074074074,63,True
9922.8023162,1,1,Click,0.36342524488766986,0.42108704149723053,0.2713541666666667,0.36018518518518516,63,True
9923.091634,1,1,Click,0.35865990817546844,0.4273663212855657,0.271875,0.362962962962963,63,True
9923.3724754,1,5,Move,0.362982099254926,0.43519718448321026,0.26927083333333335,0.3685185185185185,63,True
9923.5386542,1,5,Move,0.3631805032491684,0.4409349610408147,0.27031249999999996,0.37777777777777777,63,True
9923.7188344,1,5,Move,0.3619932432969411,0.4416579057772954,0.2713541666666667,0.387037037037037,63,True
9923.8994421,1,5,Move,0.3607898106177648,0.4414106359084447,0.2713541666666667,0.3925925925925926,63,True
9924.0895969,1,5,Move,0.35751790801684064,0.4456968506177266,0.27031249999999996,0.3962962962962963,63,True
9924.2680038,1,5,Move,0.3554399460554123,0.4442216803630193,0.2677083333333333,0.4009259259259259,63,True
9924.4348447,1,5,Move,0.34204309185345966,0.4103297144174576,0.2645833333333333,0.4027777777777778,63,True
9924.5954433,1,5,Move,0.3328401992718379,0.3615844249725342,0.25364583333333335,0.3814814814814815,63,True
9924.7338952,1,5,Move,0.3233354985713959,0.32908063133557636,0.24114583333333328,0.33611111111111114,63,True
9924.9097475,1,5,Move,0.3222828209400177,0.32492782175540924,0.2270833333333333,0.28703703703703703,63,True
9925.0661415,1,5,Move,0.32078497608502704,0.30979303518931073,0.2182291666666667,0.25462962962962965,63,True
9925.2213393,1,5,Move,0.32046058773994446,0.30422696967919666,0.21197916666666672,0.225,63,True
9925.3917284,1,5,Move,0.31913169225056964,0.2986447637279828,0.20781249999999996,0.2037037037037037,63,True
9925.5567424,1,5,Move,0.31726884841918945,0.29182034234205884,0.20468750000000002,0.18703703703703703,63,True
9925.6992098,1,5,Move,0.3143693059682846,0.2851208547751109,0.20156249999999998,0.17314814814814813,63,True
9925.8455698,1,5,Move,0.3126380840937297,0.2844216724236806,0.19739583333333333,0.16018518518518518,63,True
9925.9881217,1,5,Move,0.3087666630744934,0.28879142304261524,0.19374999999999998,0.15185185185185185,63,True
9926.1410317,1,5,Move,0.3076752796769142,0.29112718254327774,0.18906250000000002,0.15,63,True
9926.2968533,1,5,Move,0.3085892895857493,0.30176397909720737,0.18541666666666667,0.15,63,True
9926.4590345,1,1,Click,0.3095152676105499,0.2997251475850741,0.18385416666666665,0.1574074074074074,63,True
9926.7225877,1,1,Click,0.2992031400402387,0.2919652039806048,0.18385416666666665,0.16018518518518518,63,True
9926.9917714,1,1,Click,0.29713602860768634,0.2980591133236885,0.17656249999999996,0.15648148148148147,63,True
9927.2728704,1,1,Click,0.30574999501307804,0.31213676432768506,0.17083333333333328,0.15833333333333333,63,True
9927.5398069,1,6,twoHand,0.3010497987270355,0.33323127528031665,0.17343750000000002,0.16944444444444445,63,True
9929.1607395,2,5,unknown,0.5597235957781475,0.6572712659835815,0.171875,0.18981481481481483,126,True
9929.3065827,2,3,Move,0.5918876541157563,0.5120430663228035,0.3833333333333333,0.5138888888888888,126,True
9929.4515864,2,3,Move,0.5761298276484013,0.4489388167858124,0.553125,0.524074074074074,126,True
9929.6288453,2,3,Move,0.5395642817020416,0.4293980350097021,0.6338541666666666,0.4462962962962963,126,True
9929.8138418,2,3,Move,0.523935458312432,0.415784570078055,0.6333333333333333,0.3731481481481482,126,True
9929.9913194,2,3,Move,0.5211880244314671,0.40951181699832284,0.6125,0.3111111111111111,126,True
9930.1436869,2,3,Move,0.5216911757985752,0.40966033438841504,0.5958333333333333,0.2657407407407407,126,True
9930.292719,2,3,Move,0.5173840075731277,0.4095478728413582,0.5864583333333333,0.23796296296296296,126,True
9930.4355885,2,3,Move,0.5117770396173,0.40831344326337177,0.5755208333333333,0.2212962962962963,126,True
9930.5823115,2,3,Move,0.5046386284132799,0.4123876541852951,0.5614583333333334,0.2101851851851852,126,True
9930.7255617,2,3,Move,0.5004259720444679,0.4207525302966436,0.5432291666666667,0.20833333333333334,126,True
9930.8724095,2,3,Move,0.5001954721907774,0.42252323528130853,0.5265625,0.21851851851851853,126,True
9931.0134996,2,3,Move,0.4985393596192201,0.4365549559394518,0.5166666666666666,0.22777777777777777,126,True
9931.1579883,2,3,Move,0.49602123474081355,0.44785257428884506,0.5083333333333333,0.2518518518518518,126,True
9931.3030424,2,3,Move,0.48839595293005306,0.4693449760476748,0.5,0.2814814814814815,126,True
9931.4476987,2,3,Move,0.47935337076584494,0.4724669282635053,0.4848958333333333,0.3277777777777778,126,True
9931.593662,2,3,Move,0.4722897248963515,0.4670430546005567,0.46354166666666663,0.3592592592592593,126,True
9931.7423743,2,3,Move,0.46340189812084037,0.45328707744677865,0.44166666666666665,0.3712962962962963,126,True
9931.8833131,2,3,Move,0.4575458224862814,0.43850311140219367,0.41666666666666663,0.36018518518518516,126,True
9932.0248478,2,3,Move,0.453265364592274,0.42863125850756967,0.39375000000000004,0.3333333333333333,126,True
9932.1758768,2,5,unknown,0.4494762575874726,0.4177590012550354,0.3739583333333333,0.30462962962962964,126,True
9932.3284273,2,3,Move,0.4573986126730839,0.426283394296964,0.3572916666666667,0.2722222222222222,126,True
9932.474332,2,3,Move,0.46330699635048705,0.43482903142770135,0.3578125,0.26481481481481484,126,True
9932.6271877,2,3,Move,0.4674675725400448,0.4307394127051035,0.3661458333333333,0.2712962962962963,126,True
9932.7826384,2,5,unknown,0.4616613487402598,0.40945926060279214,0.3765625,0.26944444444444443,126,True
9932.9237988,2,5,unknown,0.45075527640680474,0.3527075039843718,0.375,0.24074074074074073,126,True
9933.0581602,2,5,unknown,0.45075527640680474,0.3527075039843718,0.359375,0.14722222222222223,126,True
9933.2021495,2,5,unknown,0.45075527640680474,0.3527075039843718,0.35,0.09166666666666666,126,True
9933.3335711,2,5,unknown,0.45075527640680474,0.3527075039843718,0.3447916666666667,0.058333333333333334,126,True
9933.4776278,2,5,unknown,0.45075527640680474,0.3527075039843718,0.3416666666666667,0.03796296296296296,126,True
9933.624121,2,5,unknown,0.45075527640680474,0.3527075039843718,0.33958333333333335,0.025925925925925925,126,True
9933.7707764,2,5,unknown,0.45075527640680474,0.3527075039843718,0.33854166666666663,0.018518518518518517,126,True
9933.9122067,2,5,unknown,0.45075527640680474,0.3527075039843718,0.3375,0.013888888888888888,126,True
9934.6630751,2,1,Deactivate,0.48071885854005814,0.47881507873535156,0.3369791666666667,0.011111111111111112,126,True
9934.7642751,2,1,Deactivate,0.45327869430184364,0.4664828752477964,0.3765625,0.17777777777777778,126,False
9934.8714496,2,5,unknown,0.4664440092941125,0.45320844898621243,0.36406249999999996,0.2611111111111111,126,False
9934.9631454,2,5,unknown,0.47367333931227523,0.44325127452611923,0.3739583333333333,0.2935185185185185,126,False
9935.0561164,2,5,unknown,0.486464761197567,0.4647171596686045,0.3895833333333333,0.3,126,False
9935.1575455,2,5,unknown,0.49244751036167145,0.4954279512166977,0.4161458333333333,0.33240740740740743,126,False
9935.2582074,2,5,unknown,0.49399073546131456,0.5052985474467278,0.44010416666666663,0.3925925925925926,126,False
9935.3480999,2,5,unknown,0.5014744227131207,0.5433297331134479,0.45625000000000004,0.4425925925925926,126,False
9935.4444841,2,5,unknown,0.5021061499913534,0.5497067670027416,0.4760416666666667,0.5222222222222223,126,False
9935.5278531,2,5,unknown,0.5049311543504397,0.5655920778711636,0.48854166666666665,0.5787037037037037,126,False
9935.6326319,2,5,unknown,0.501486932237943,0.58189091583093,0.5,0.6342592592592593,126,False
9935.7069996,2,5,unknown,0.49907811110218364,0.5875651190678279,0.5020833333333333,0.6888888888888889,126,False
9935.7996468,2,3,Move,0.4947527392456929,0.6179679830869038,0.5005208333333333,0.7296296296296296,126,False
9935.8962213,2,3,Move,0.49297506858905155,0.6215274433294932,0.49375,0.7944444444444444,126,False
9935.9556916,2,3,Move,0.4921730123460293,0.6295261780420939,0.48750000000000004,0.8379629629629629,126,False
9936.0424979,2,3,Move,0.49179133648673695,0.6334932893514633,0.4822916666666667,0.875,126,False
9936.128976,2,3,Move,0.49279653218885267,0.6575850943724315,0.4786458333333333,0.9027777777777778,126,False
9936.211241,2,3,Move,0.49177328993876773,0.6672526101271312,0.4776041666666667,0.9416666666666667,126,False
9936.2932143,2,3,Move,0.48928074787060416,0.7043023953835169,0.4760416666666667,0.9648148148148148,126,False
9936.3858423,2,3,Move,0.4894667851428191,0.7100141743818918,0.47187500000000004,0.9787037037037037,126,False
9936.4942573,2,3,Move,0.49090509985884034,0.706988091270129,0.4692708333333333,0.987037037037037,126,False
9936.5824897,2,3,Move,0.4860787422706684,0.6975209613641102,0.4697916666666667,0.9916666666666667,126,False
9936.678403,2,3,Move,0.4790824552377065,0.6669800480206807,0.46354166666666663,0.9944444444444445,126,False
9936.7633558,2,3,Move,0.46860182595749694,0.6407658010721207,0.45052083333333337,0.9962962962962963,126,False
9936.8567068,2,3,Move,0.46573470036188763,0.6280524929364522,0.4286458333333333,0.9851851851851852,126,False
9936.9510931,2,3,Move,0.4466737223168214,0.615307944516341,0.4119791666666667,0.9611111111111111,126,False
9937.0367757,2,3,Move,0.44282242469489574,0.6172925184170406,0.3765625,0.9296296296296296,126,False
9937.1350517,2,3,Move,0.4344062941769759,0.6131927520036697,0.35,0.9138888888888889,126,False
9937.2082375,2,3,Move,0.4449707369009654,0.6270445212721825,0.32291666666666663,0.899074074074074,126,False
9937.2843145,2,3,Move,0.448708193997542,0.6300845046838125,0.3208333333333333,0.9083333333333333,126,False
9937.3762905,2,3,Move,0.45696339507897693,0.6424369215965271,0.32447916666666665,0.9175925925925926,126,False
9937.4589841,2,3,Move,0.4692442814509074,0.6841150025526683,0.3375,0.9398148148148148,126,False
9937.554411,2,5,unknown,0.5216871624191601,0.6970632076263428,0.36197916666666663,0.9638888888888889,126,False
9937.6518373,2,2,Grab,0.5047081609567007,0.718538910150528,0.4463541666666667,0.9777777777777777,126,False
9937.7215564,2,2,Grab,0.5047081609567007,0.718538910150528,0.4744791666666667,0.9861111111111112,126,False
9937.7874265,2,2,Grab,0.5047081609567007,0.718538910150528,0.4911458333333333,0.9916666666666667,126,False
9937.8630652,2,2,Grab,0.5047081609567007,0.718538910150528,0.5015625,0.9944444444444445,126,False
9937.9655187,2,0,Activate,0.502396876613299,0.8066152036190033,0.5078125,0.9962962962962963,126,False
9938.1083282,2,0,Activate,0.501623020817836,0.8194497724374136,0.5083333333333333,0.9972222222222222,126,True
9938.2538485,2,0,Activate,0.5000407968958219,0.817549501856168,0.5072916666666667,0.9981481481481481,126,True
9938.3948467,2,0,Activate,0.5006342343986034,0.8162554601828258,0.5046875,0.9981481481481481,126,True
9938.5381426,2,0,Activate,0.4988886651893457,0.7820687144994736,0.5041666666666667,0.9981481481481481,126,True
9938.6829865,2,5,unknown,0.4914908496042093,0.6792254149913788,0.5010416666666666,0.9981481481481481,126,True
9938.8278975,2,3,Move,0.4853629544377327,0.7402855853239695,0.48958333333333337,0.9981481481481481,126,True
9938.9700973,2,3,Move,0.48496364057064056,0.7168697814146678,0.4744791666666667,0.9981481481481481,126,True
9939.1124725,2,3,Move,0.4865992565949758,0.6759085655212402,0.46510416666666665,0.9981481481481481,126,True
9939.2590006,2,3,Move,0.4871054645627737,0.6683820088704427,0.4614583333333333,0.9981481481481481,126,True
9939.4040044,2,3,Move,0.48587712831795216,0.6292353024085363,0.4598958333333333,0.9981481481481481,126,True
9939.551455,2,3,Move,0.4903288880983988,0.5808252568046253,0.45729166666666665,0.9703703703703703,126,True
9939.6929772,2,3,Move,0.4919908630351225,0.5604903052250545,0.4619791666666667,0.8888888888888888,126,True
9939.8378907,2,3,Move,0.4896859346578519,0.5518253097931545,0.4666666666666667,0.812962962962963,126,True
9939.9820376,2,3,Move,0.48713145963847637,0.5462367112437884,0.4666666666666667,0.7564814814814815,126,True
9940.1271029,2,3,Move,0.4795374448100726,0.5384552180767059,0.4630208333333333,0.7148148148148148,126,True
9940.2728866,2,3,Move,0.47334516358872253,0.530806876718998,0.4510416666666667,0.6796296296296296,126,True
9940.4169233,2,3,Move,0.47011677610377467,0.5200565233826637,0.4354166666666667,0.6481481481481481,126,True
9940.5659389,2,3,Move,0.4711614989986022,0.5076974059144655,0.421875,0.6148148148148148,126,True
9940.7068718,2,3,Move,0.46855308674275875,0.49826270838578546,0.4151041666666667,0.5787037037037037,126,True
9940.8517948,2,3,Move,0.46457877941429615,0.48813520123561227,0.4072916666666667,0.5444444444444444,126,True
9940.9987548,2,3,Move,0.4631268431742986,0.48483460644880927,0.3973958333333333,0.5101851851851852,126,True
9941.1436576,2,3,Move,0.46160318081577617,0.48422306030988693,0.3895833333333333,0.48518518518518516,126,True
9941.2852605,2,3,Move,0.4577162067095439,0.4813774526119232,0.3828125,0.46944444444444444,126,True
9941.4354387,2,3,Move,0.45638384607930976,0.4830522288878759,0.3734375,0.4564814814814815,126,True
9941.5844154,2,3,Move,0.4569584485143423,0.48647945622603095,0.3661458333333333,0.45092592592592595,126,True
9941.7445559,2,3,Move,0.4615220272292693,0.4898213793834051,0.36250000000000004,0.45185185185185184,126,True
9941.8979504,2,3,Move,0.4655209854245186,0.4915993238488833,0.3666666666666667,0.45740740740740743,126,True
9942.0459061,2,3,Move,0.4652960908909639,0.490458682179451,0.3744791666666667,0.46296296296296297,126,True
9942.1921946,2,3,Move,0.4625268566111723,0.4874384899934133,0.37864583333333335,0.4648148148148148,126,True
9942.3577021,2,3,Move,0.45961106630663073,0.4842024420698484,0.37760416666666663,0.46111111111111114,126,True
9942.513827,2,3,Move,0.4573396729926268,0.4846552262703578,0.3729166666666667,0.45555555555555555,126,True
9942.6526255,2,3,Move,0.4533879986653725,0.49138134966293967,0.3671875,0.45185185185185184,126,True
9942.8265003,2,3,Move,0.45470035386582214,0.49239779015382135,0.3583333333333333,0.45925925925925926,126,True
9942.9883356,2,5,unknown,0.4532150973876317,0.48859687397877377,0.35520833333333335,0.4648148148148148,126,True
9943.1744732,2,2,Grab,0.44464994718631107,0.4869495357076327,0.3510416666666667,0.46296296296296297,126,True
9943.4317561,2,2,Grab,0.4432394423832496,0.5045618638396263,0.3369791666666667,0.4601851851851852,126,True
9943.5796715,2,2,Grab,0.44455846957862377,0.5037401268879572,0.3265625,0.48148148148148145,126,True
9943.7320823,2,2,Grab,0.4417682755738497,0.5114507774511974,0.3223958333333333,0.4935185185185185,126,True
9943.8781318,2,2,Grab,0.44213629451890785,0.5210273414850235,0.31614583333333335,0.5111111111111111,126,True
9944.0190162,2,2,Grab,0.44146759497622645,0.5276495069265366,0.3130208333333333,0.5342592592592592,126,True
9944.1746132,2,2,Grab,0.4493456693987052,0.5545222908258438,0.30989583333333337,0.5564814814814815,126,True
9944.3252653,2,2,Grab,0.4544128496199846,0.5669941852490108,0.31875,0.6064814814814815,126,True
9944.4707356,2,2,Grab,0.4550855029374361,0.5741276020805042,0.33072916666666663,0.6527777777777778,126,True
9944.6151851,2,2,Grab,0.4546720292419195,0.5771898577610652,0.33906250000000004,0.6898148148148148,126,True
9944.7604912,2,2,Grab,0.4507391955703497,0.5715022807319958,0.3432291666666667,0.7157407407407408,126,True
9944.9031784,2,2,Grab,0.45183243602514267,0.5746530815958977,0.34062499999999996,0.7240740740740741,126,True
9945.0490462,2,3,Move,0.4518120853851239,0.5470833256840706,0.34062499999999996,0.7333333333333333,126,True
9945.3243828,2,3,Move,0.44837275085349876,0.5447233791152637,0.34062499999999996,0.7018518518518518,126,True
9945.5001774,2,3,Move,0.4481361638754606,0.5441972961028417,0.3359375,0.6805555555555556,126,True
9945.680152,2,3,Move,0.4472995027899742,0.5409146423141161,0.33281249999999996,0.6666666666666666,126,True
9945.8334321,2,3,Move,0.4422969265530507,0.5108530223369598,0.3296875,0.6537037037037037,126,True
9946.0526907,2,3,Move,0.43977277229229605,0.5032651697595913,0.3213541666666667,0.6064814814814815,126,True
9946.2013073,2,3,Move,0.43769597075879574,0.48920164753993356,0.3130208333333333,0.5675925925925925,126,True
9946.3499258,2,3,Move,0.43875854151944316,0.4790153925617536,0.3052083333333333,0.5259259259259259,126,True
9946.49265,2,3,Move,0.4401551609237989,0.4712198500831922,0.30208333333333337,0.48703703703703705,126,True
9946.6347976,2,3,Move,0.44210717764993507,0.46240953604380286,0.30156249999999996,0.4537037037037037,126,True
9946.7841159,2,3,Move,0.43861422253151733,0.4541543250282606,0.3041666666666667,0.4212962962962963,126,True
9946.9242973,2,3,Move,0.42970146300892037,0.4494411200284958,0.30104166666666665,0.3907407407407407,126,True
9947.0671482,2,3,Move,0.42723269325991475,0.45635693768660224,0.2875,0.36666666666666664,126,True
9947.2178844,2,3,Move,0.42757422166566056,0.463148832321167,0.27604166666666663,0.3611111111111111,126,True
9947.3589811,2,3,Move,0.43302177389462787,0.4698029135664304,0.26927083333333335,0.36666666666666664,126,True
9947.5023501,2,3,Move,0.4358975850045681,0.46906708429257077,0.2723958333333333,0.37962962962962965,126,True
9947.6547559,2,5,unknown,0.43691667293508846,0.46826452761888504,0.27812499999999996,0.3861111111111111,126,True
9947.7959524,2,3,Move,0.4355759210884571,0.4650284623106321,0.2833333333333333,0.3888888888888889,126,True
9947.9375252,2,3,Move,0.434906342998147,0.46061260253190994,0.28437500000000004,0.3861111111111111,126,True
9948.0852673,2,3,Move,0.434906342998147,0.46061260253190994,0.28437500000000004,0.3787037037037037,126,True
9948.2306722,2,5,unknown,0.45417012025912606,0.42524080723524094,0.28437500000000004,0.37407407407407406,126,True
9948.3789381,2,4,oneHand,0.45904871573050815,0.42265869677066803,0.30989583333333337,0.32407407407407407,126,True
9948.6283064,1,7,unknown,0.14131353422999382,0.4794867883125941,0.33177083333333335,0.29074074074074074,63,True
9948.770512,1,7,unknown,0.8037707110246023,0.36657672623793286,0.19947916666666665,0.36018518518518516,63,True
9948.9016082,1,7,unknown,0.8005333741505941,0.3655727456013362,0.5197916666666667,0.32685185185185184,63,True
9949.0489245,1,7,unknown,0.80365389585495,0.3646671225627263,0.7119791666666666,0.30648148148148147,63,True
9949.1930273,1,7,unknown,0.8023501932621002,0.3627380033334096,0.8276041666666667,0.2935185185185185,63,True
9949.3387455,1,7,unknown,0.7773439387480418,0.35062818725903827,0.896875,0.28425925925925927,63,True
9949.4818263,1,7,unknown,0.1724566494425138,0.48117925723393756,0.9234375,0.27037037037037037,63,True
9949.6251834,1,5,Move,0.15966015805800757,0.48950881759325665,0.5541666666666667,0.3490740740740741,63,True
9949.7702368,1,5,Move,0.15471717963616052,0.485516016681989,0.33281249999999996,0.40185185185185185,63,True
9949.9157114,1,5,Move,0.15542646000782648,0.48361268142859143,0.19999999999999996,0.4305555555555556,63,True
9950.0602914,1,5,Move,0.15257487694422403,0.4769316365321477,0.12031250000000004,0.44722222222222224,63,True
9950.2202051,1,5,Move,0.15385398268699646,0.47779104113578796,0.07239583333333333,0.4527777777777778,63,True
9950.3633119,1,5,Move,0.15900226682424545,0.46915702025095624,0.043749999999999956,0.4564814814814815,63,True
9950.5096273,1,5,Move,0.16324043025573096,0.4669848084449768,0.026562500000000044,0.4527777777777778,63,True
9950.653736,1,5,Move,0.18301334728797278,0.45363375047842663,0.016145833333333304,0.44907407407407407,63,True
9950.7960704,1,5,Move,0.18919982512791952,0.4409087300300598,0.009895833333333326,0.43796296296296294,63,True
9950.9410504,1,5,Move,0.21418408304452896,0.43264297147591907,0.006249999999999978,0.42314814814814816,63,True
9951.0695929,1,5,Move,0.23643937210241953,0.4208655407031377,0.013541666666666674,0.4083333333333333,63,True
9951.2001851,1,5,Move,0.25630714495976764,0.40690408647060394,0.03281250000000002,0.39166666666666666,63,True
9951.3449431,1,5,Move,0.28035250306129456,0.3936176945765813,0.057812500000000044,0.37222222222222223,63,True
9951.488036,1,5,Move,0.2905592496196429,0.40474990506966907,0.08854166666666663,0.35185185185185186,63,True
9951.6163169,1,5,Move,0.3021940439939499,0.4072919885317485,0.11354166666666665,0.3472222222222222,63,True
9951.748447,1,5,Move,0.3175567264358203,0.41051176687081653,0.13645833333333335,0.34629629629629627,63,True
9951.8942113,1,5,Move,0.33713391174872714,0.40374094744523364,0.16041666666666665,0.3472222222222222,63,True
9952.034452,1,5,Move,0.35469530522823334,0.39532239735126495,0.1880208333333333,0.3435185185185185,63,True
9952.1768272,1,5,Move,0.3690823018550873,0.391778031984965,0.21614583333333337,0.33611111111111114,63,True
9952.3058575,1,5,Move,0.36551552017529804,0.39860543608665466,0.2427083333333333,0.3287037037037037,63,True
9952.449963,1,5,Move,0.35972943902015686,0.40587463478247326,0.25625,0.3287037037037037,63,True
9952.5950013,1,5,Move,0.35367677609125775,0.41780554751555127,0.26041666666666663,0.33425925925925926,63,True
9952.7399653,1,5,Move,0.3548578123251597,0.4307025223970413,0.2588541666666667,0.3453703703703704,63,True
9952.8848158,1,5,Move,0.35501838227113086,0.4417375127474467,0.2588541666666667,0.36018518518518516,63,True
9953.0295196,1,4,Grab,0.3574791004260381,0.4538882225751877,0.2588541666666667,0.3768518518518518,63,True
9953.2741761,1,4,Grab,0.34839839736620587,0.4667111535867055,0.26041666666666663,0.39444444444444443,63,True
9953.412825,1,4,Grab,0.3432928721110026,0.4747367302576701,0.25520833333333337,0.41388888888888886,63,True
9953.558067,1,4,Grab,0.3446124444405238,0.4759913633267085,0.24895833333333328,0.4305555555555556,63,True
9953.6926967,1,4,Grab,0.3446124444405238,0.4759913633267085,0.24583333333333335,0.44166666666666665,63,True
9953.8204239,1,4,Grab,0.3446124444405238,0.4759913633267085,0.24427083333333333,0.44814814814814813,63,True
9953.959565,1,4,Grab,0.313096284866333,0.5229688336451849,0.24322916666666672,0.45185185185185184,63,True
9954.1020554,1,4,Grab,0.3131112853686015,0.5427214652299881,0.22135416666666663,0.4861111111111111,63,True
9954.2470731,1,5,Move,0.30385935058196384,0.552382638057073,0.20833333333333337,0.5194444444444445,63,True
9954.4915888,1,5,Move,0.3029729078213374,0.5528092434008917,0.1947916666666667,0.5462962962962963,63,True
9954.6529771,1,5,Move,0.30080602318048477,0.5549823890129725,0.18593749999999998,0.562962962962963,63,True
9954.8091258,1,5,Move,0.2987884630759557,0.558525025844574,0.1791666666666667,0.5740740740740741,63,True
9954.9722055,1,5,Move,0.2888922616839409,0.548721119761467,0.17395833333333333,0.5833333333333334,63,True
9955.1291336,1,5,Move,0.2816283330321312,0.5416205177704493,0.1640625,0.5814814814814815,63,True
9955.2661644,1,5,Move,0.27066123982270557,0.5396914134422938,0.15312499999999996,0.575925925925926,63,True
9955.4097557,1,5,Move,0.24350079894065857,0.5220820705095927,0.13958333333333328,0.5712962962962963,63,True
9955.5384971,1,5,Move,0.24326925973097482,0.5106361309687296,0.11302083333333335,0.5564814814814815,63,True
9955.6927128,1,5,Move,0.2531553978721301,0.4951903720696767,0.09687500000000004,0.5407407407407407,63,True
9955.8264895,1,5,Move,0.26561618347962695,0.48553042610486347,0.09375,0.5203703703703704,63,True
9955.955679,1,5,Move,0.27203429241975147,0.4818517516056697,0.09999999999999998,0.5018518518518519,63,True
9956.1004758,1,5,Move,0.2784384712576866,0.4751974145571391,0.10833333333333328,0.4888888888888889,63,True
9956.2462738,1,5,Move,0.2788798287510872,0.47409481803576153,0.1177083333333333,0.4759259259259259,63,True
9956.3872861,1,5,Move,0.2771737923224767,0.4761262039343516,0.12343749999999998,0.4675925925925926,63,True
9956.5327598,1,5,Move,0.2741679549217224,0.4780304779609044,0.1255208333333333,0.4638888888888889,63,True
9956.6665953,1,5,Move,0.2745862777034442,0.47948509454727173,0.125,0.46296296296296297,63,True
9956.8339812,1,5,Move,0.2765372768044472,0.4775395492712657,0.125,0.4638888888888889,63,True
9956.988531,1,5,Move,0.27738499889771145,0.47337958713372547,0.12604166666666672,0.46296296296296297,63,True
9957.1527537,1,5,Move,0.27665799607833225,0.48362431426843006,0.12760416666666663,0.45925925925925926,63,True
9957.3166509,1,5,Move,0.2766053304076195,0.48581647376219433,0.12812500000000004,0.4638888888888889,63,True
9957.4583252,1,5,Move,0.26353445649147034,0.46975035468737286,0.12812500000000004,0.4685185185185185,63,True
9957.6158519,1,5,Move,0.2584148272871971,0.4627093623081843,0.11979166666666663,0.4601851851851852,63,True
9957.7644808,1,2,Deactivate,0.2664009208480517,0.40488094588120777,0.11093750000000002,0.45092592592592595,63,True
9957.8432646,1,2,Deactivate,0.27221687883138657,0.39822541177272797,0.11093750000000002,0.4064814814814815,63,False
9957.9248814,1,2,Deactivate,0.2798456698656082,0.3894014209508896,0.11510416666666667,0.375,63,False
9957.9933688,1,2,Deactivate,0.28163012365500134,0.39040906230608624,0.12239583333333337,0.3509259259259259,63,False
9958.0596634,1,2,Deactivate,0.2833654060959816,0.3920207420984904,0.12812500000000004,0.337037037037037,63,False
9958.1365577,1,2,Deactivate,0.28345335523287457,0.3923838933308919,0.1328125,0.3296296296296296,63,False
9958.205231,1,2,Deactivate,0.2831232224901517,0.40218856434027356,0.13593750000000004,0.32592592592592595,63,False
9958.258496,1,2,Deactivate,0.2804633403817813,0.4104094405968984,0.13697916666666665,0.3296296296296296,63,False
9958.3196808,1,2,Deactivate,0.2745366593201955,0.41534056266148883,0.13593750000000004,0.337037037037037,63,False
9958.3725304,1,4,Grab,0.26887041330337524,0.42841151853402454,0.13177083333333328,0.3453703703703704,63,False
9958.4463566,1,4,Grab,0.2583588610092799,0.44457391401131946,0.1255208333333333,0.3592592592592593,63,False
9958.526833,1,4,Grab,0.2210640162229538,0.5129964848359426,0.11458333333333337,0.37777777777777777,63,False
9958.5967936,1,4,Grab,0.2210640162229538,0.5129964848359426,0.08333333333333337,0.4351851851851852,63,False
9958.6345071,1,4,Grab,0.2210640162229538,0.5129964848359426,0.06458333333333333,0.46944444444444444,63,False
9958.6814997,1,4,Grab,0.2210640162229538,0.5129964848359426,0.05312499999999998,0.4898148148148148,63,False
9958.7576225,1,4,Grab,0.2210640162229538,0.5129964848359426,0.046354166666666696,0.5018518518518519,63,False
9958.8248164,1,4,Grab,0.2210640162229538,0.5129964848359426,0.042187500000000044,0.5092592592592593,63,False
9958.8910358,1,4,Grab,0.2210640162229538,0.5129964848359426,0.039583333333333304,0.5138888888888888,63,False
9963.6765437,1,7,unknown,0.6083267629146576,0.9173232813676199,0.03802083333333328,0.5166666666666667,63,False
9963.7384336,1,7,unknown,0.5959881742795309,0.873070647319158,0.2953125,0.7092592592592593,63,False
9963.8168549,1,4,Grab,0.5878979762395223,0.8353110651175181,0.44166666666666665,0.825,63,False
9963.8455457,1,4,Grab,0.5878979762395223,0.8353110651175181,0.5239583333333333,0.8944444444444445,63,False
9963.8964244,1,4,Grab,0.5878979762395223,0.8353110651175181,0.5734375,0.9361111111111111,63,False
9963.9456887,1,4,Grab,0.5878979762395223,0.8353110651175181,0.603125,0.9611111111111111,63,False
9963.9841091,1,4,Grab,0.5878979762395223,0.8353110651175181,0.6208333333333333,0.975925925925926,63,False
9964.0127587,1,4,Grab,0.5878979762395223,0.8353110651175181,0.63125,0.9851851851851852,63,False
9964.0583077,1,4,Grab,0.5878979762395223,0.8353110651175181,0.6375,0.9907407407407407,63,False
9964.1237122,1,7,unknown,0.5607829491297404,0.7579707304636637,0.6416666666666666,0.9944444444444445,63,False
9964.1822106,1,7,unknown,0.5573981205622355,0.758631040652593,0.6260416666666666,0.9685185185185186,63,False
9964.2294441,1,7,unknown,0.5573981205622355,0.758631040652593,0.6140625,0.9527777777777777,63,False
9964.2776373,1,7,unknown,0.5573981205622355,0.758631040652593,0.6067708333333333,0.9435185185185185,63,False
9964.3540709,1,7,unknown,0.5548711121082306,0.7617945571740469,0.6026041666666666,0.937962962962963,63,False
9964.4091494,1,7,unknown,0.5548711121082306,0.7617945571740469,0.5984375,0.937037037037037,63,False
9964.4859853,1,7,unknown,0.5691145757834116,0.7540698349475861,0.5958333333333333,0.9361111111111111,63,False
9964.5397577,1,4,Grab,0.5767132639884949,0.7848699788252512,0.6041666666666667,0.9305555555555556,63,False
9964.6061963,1,4,Grab,0.5779211024443308,0.7978240450223287,0.6140625,0.9472222222222222,63,False
9964.6813484,1,7,unknown,0.5910067359606425,0.8834464053312937,0.6208333333333333,0.9666666666666667,63,False
9964.7370105,1,7,unknown,0.5910067359606425,0.8834464053312937,0.6333333333333333,0.9796296296296296,63,False
9964.8441091,1,7,unknown,0.5910067359606425,0.8834464053312937,0.6411458333333333,0.987037037037037,63,False
9964.8948573,1,7,unknown,0.5910067359606425,0.8834464053312937,0.6458333333333333,0.9916666666666667,63,False
9964.943708,1,7,unknown,0.5910067359606425,0.8834464053312937,0.6484375,0.9944444444444445,63,False
9964.9944147,1,7,unknown,0.5910067359606425,0.8834464053312937,0.65,0.9962962962962963,63,False
9965.0708027,1,7,unknown,0.5910067359606425,0.8834464053312937,0.6510416666666667,0.9972222222222222,63,False
